{
	"description": "项目配置文件",
	"packOptions": {
		"ignore": []
	},
	"setting": {
		"urlCheck": true,
		"es6": true,
		"postcss": true,
		"minified": true,
		"newFeature": true
	},
	"compileType": "miniprogram",
	"libVersion": "2.4.2",
	"appid": "wx38778a50392cf228",
	"projectname": "%E5%9C%A8%E5%8D%97%E5%8D%8E",
	"scripts": {},
	"simulatorType": "wechat",
	"simulatorPluginLibVersion": {},
	"qqappid": "wx38778a50392cf228",
	"condition": {
		"search": {
			"current": -1,
			"list": []
		},
		"conversation": {
			"current": -1,
			"list": []
		},
		"plugin": {
			"current": -1,
			"list": []
		},
		"game": {
			"list": []
		},
		"miniprogram": {
			"current": -1,
			"list": []
		}
	}
}